,Url
0,https://www.goszakup.gov.kz/ru/registry/show_supplier/280311
1,https://www.goszakup.gov.kz/ru/registry/show_supplier/96034
2,https://www.goszakup.gov.kz/ru/registry/show_supplier/49557
3,https://www.goszakup.gov.kz/ru/registry/show_supplier/211183
4,https://www.goszakup.gov.kz/ru/registry/show_supplier/73801
5,https://www.goszakup.gov.kz/ru/registry/show_supplier/52734
6,https://www.goszakup.gov.kz/ru/registry/show_supplier/116468
7,https://www.goszakup.gov.kz/ru/registry/show_supplier/180946
8,https://www.goszakup.gov.kz/ru/registry/show_supplier/105890
9,https://www.goszakup.gov.kz/ru/registry/show_supplier/84945
10,https://www.goszakup.gov.kz/ru/registry/show_supplier/38207
11,https://www.goszakup.gov.kz/ru/registry/show_supplier/88983
12,https://www.goszakup.gov.kz/ru/registry/show_supplier/345629
13,https://www.goszakup.gov.kz/ru/registry/show_supplier/14674
14,https://www.goszakup.gov.kz/ru/registry/show_supplier/123383
15,https://www.goszakup.gov.kz/ru/registry/show_supplier/17561
16,https://www.goszakup.gov.kz/ru/registry/show_supplier/96008
17,https://www.goszakup.gov.kz/ru/registry/show_supplier/150783
18,https://www.goszakup.gov.kz/ru/registry/show_supplier/81844
19,https://www.goszakup.gov.kz/ru/registry/show_supplier/383311
20,https://www.goszakup.gov.kz/ru/registry/show_supplier/92993
21,https://www.goszakup.gov.kz/ru/registry/show_supplier/52156
22,https://www.goszakup.gov.kz/ru/registry/show_supplier/96034
23,https://www.goszakup.gov.kz/ru/registry/show_supplier/45957
24,https://www.goszakup.gov.kz/ru/registry/show_supplier/24854
25,https://www.goszakup.gov.kz/ru/registry/show_supplier/34451
26,https://www.goszakup.gov.kz/ru/registry/show_supplier/85742
27,https://www.goszakup.gov.kz/ru/registry/show_supplier/65848
28,https://www.goszakup.gov.kz/ru/registry/show_supplier/138320
29,https://www.goszakup.gov.kz/ru/registry/show_supplier/110245
30,https://www.goszakup.gov.kz/ru/registry/show_supplier/110245
31,https://www.goszakup.gov.kz/ru/registry/show_supplier/123002
32,https://www.goszakup.gov.kz/ru/registry/show_supplier/24154
33,https://www.goszakup.gov.kz/ru/registry/show_supplier/80460
34,https://www.goszakup.gov.kz/ru/registry/show_supplier/133642
35,https://www.goszakup.gov.kz/ru/registry/show_supplier/146376
36,https://www.goszakup.gov.kz/ru/registry/show_supplier/125751
37,https://www.goszakup.gov.kz/ru/registry/show_supplier/91712
38,https://www.goszakup.gov.kz/ru/registry/show_supplier/23518
39,https://www.goszakup.gov.kz/ru/registry/show_supplier/38082
40,https://www.goszakup.gov.kz/ru/registry/show_supplier/132869
41,https://www.goszakup.gov.kz/ru/registry/show_supplier/33807
42,https://www.goszakup.gov.kz/ru/registry/show_supplier/72372
43,https://www.goszakup.gov.kz/ru/registry/show_supplier/27727
44,https://www.goszakup.gov.kz/ru/registry/show_supplier/263947
45,https://www.goszakup.gov.kz/ru/registry/show_supplier/145020
46,https://www.goszakup.gov.kz/ru/registry/show_supplier/226813
47,https://www.goszakup.gov.kz/ru/registry/show_supplier/4623
48,https://www.goszakup.gov.kz/ru/registry/show_supplier/373365
49,https://www.goszakup.gov.kz/ru/registry/show_supplier/86658
50,https://www.goszakup.gov.kz/ru/registry/show_supplier/133078
51,https://www.goszakup.gov.kz/ru/registry/show_supplier/47527
52,https://www.goszakup.gov.kz/ru/registry/show_supplier/314763
53,https://www.goszakup.gov.kz/ru/registry/show_supplier/64677
54,https://www.goszakup.gov.kz/ru/registry/show_supplier/19120
55,https://www.goszakup.gov.kz/ru/registry/show_supplier/123841
56,https://www.goszakup.gov.kz/ru/registry/show_supplier/24854
57,https://www.goszakup.gov.kz/ru/registry/show_supplier/84640
58,https://www.goszakup.gov.kz/ru/registry/show_supplier/468054
59,https://www.goszakup.gov.kz/ru/registry/show_supplier/471361
60,https://www.goszakup.gov.kz/ru/registry/show_supplier/26787
61,https://www.goszakup.gov.kz/ru/registry/show_supplier/185754
62,https://www.goszakup.gov.kz/ru/registry/show_supplier/39030
63,https://www.goszakup.gov.kz/ru/registry/show_supplier/384692
64,https://www.goszakup.gov.kz/ru/registry/show_supplier/305206
65,https://www.goszakup.gov.kz/ru/registry/show_supplier/417634
66,https://www.goszakup.gov.kz/ru/registry/show_supplier/188404
67,https://www.goszakup.gov.kz/ru/registry/show_supplier/96583
68,https://www.goszakup.gov.kz/ru/registry/show_supplier/159800
69,https://www.goszakup.gov.kz/ru/registry/show_supplier/38802
70,https://www.goszakup.gov.kz/ru/registry/show_supplier/322473
71,https://www.goszakup.gov.kz/ru/registry/show_supplier/67195
72,https://www.goszakup.gov.kz/ru/registry/show_supplier/284437
73,https://www.goszakup.gov.kz/ru/registry/show_supplier/58344
74,https://www.goszakup.gov.kz/ru/registry/show_supplier/413424
75,https://www.goszakup.gov.kz/ru/registry/show_supplier/15171
76,https://www.goszakup.gov.kz/ru/registry/show_supplier/92993
77,https://www.goszakup.gov.kz/ru/registry/show_supplier/34022
78,https://www.goszakup.gov.kz/ru/registry/show_supplier/320766
79,https://www.goszakup.gov.kz/ru/registry/show_supplier/416227
80,https://www.goszakup.gov.kz/ru/registry/show_supplier/95633
81,https://www.goszakup.gov.kz/ru/registry/show_supplier/125413
82,https://www.goszakup.gov.kz/ru/registry/show_supplier/145604
83,https://www.goszakup.gov.kz/ru/registry/show_supplier/410593
84,https://www.goszakup.gov.kz/ru/registry/show_supplier/11046
85,https://www.goszakup.gov.kz/ru/registry/show_supplier/241164
86,https://www.goszakup.gov.kz/ru/registry/show_supplier/129917
87,https://www.goszakup.gov.kz/ru/registry/show_supplier/129917
88,https://www.goszakup.gov.kz/ru/registry/show_supplier/57962
89,https://www.goszakup.gov.kz/ru/registry/show_supplier/333023
90,https://www.goszakup.gov.kz/ru/registry/show_supplier/218582
91,https://www.goszakup.gov.kz/ru/registry/show_supplier/182355
92,https://www.goszakup.gov.kz/ru/registry/show_supplier/29601
93,https://www.goszakup.gov.kz/ru/registry/show_supplier/152698
94,https://www.goszakup.gov.kz/ru/registry/show_supplier/123818
95,https://www.goszakup.gov.kz/ru/registry/show_supplier/376667
96,https://www.goszakup.gov.kz/ru/registry/show_supplier/15171
97,https://www.goszakup.gov.kz/ru/registry/show_supplier/391977
98,https://www.goszakup.gov.kz/ru/registry/show_supplier/415180
99,https://www.goszakup.gov.kz/ru/registry/show_supplier/202980
100,https://www.goszakup.gov.kz/ru/registry/show_supplier/16543
101,https://www.goszakup.gov.kz/ru/registry/show_supplier/125011
102,https://www.goszakup.gov.kz/ru/registry/show_supplier/348459
103,https://www.goszakup.gov.kz/ru/registry/show_supplier/4593
104,https://www.goszakup.gov.kz/ru/registry/show_supplier/194458
105,https://www.goszakup.gov.kz/ru/registry/show_supplier/46625
106,https://www.goszakup.gov.kz/ru/registry/show_supplier/46625
107,https://www.goszakup.gov.kz/ru/registry/show_supplier/24870
108,https://www.goszakup.gov.kz/ru/registry/show_supplier/48902
109,https://www.goszakup.gov.kz/ru/registry/show_supplier/121418
110,https://www.goszakup.gov.kz/ru/registry/show_supplier/102038
111,https://www.goszakup.gov.kz/ru/registry/show_supplier/66686
112,https://www.goszakup.gov.kz/ru/registry/show_supplier/73725
113,https://www.goszakup.gov.kz/ru/registry/show_supplier/102491
114,https://www.goszakup.gov.kz/ru/registry/show_supplier/459254
115,https://www.goszakup.gov.kz/ru/registry/show_supplier/11272
116,https://www.goszakup.gov.kz/ru/registry/show_supplier/148548
117,https://www.goszakup.gov.kz/ru/registry/show_supplier/24870
118,https://www.goszakup.gov.kz/ru/registry/show_supplier/165092
119,https://www.goszakup.gov.kz/ru/registry/show_supplier/182725
120,https://www.goszakup.gov.kz/ru/registry/show_supplier/99298
121,https://www.goszakup.gov.kz/ru/registry/show_supplier/135972
122,https://www.goszakup.gov.kz/ru/registry/show_supplier/379672
123,https://www.goszakup.gov.kz/ru/registry/show_supplier/73465
124,https://www.goszakup.gov.kz/ru/registry/show_supplier/81359
125,https://www.goszakup.gov.kz/ru/registry/show_supplier/115141
126,https://www.goszakup.gov.kz/ru/registry/show_supplier/284437
127,https://www.goszakup.gov.kz/ru/registry/show_supplier/284437
128,https://www.goszakup.gov.kz/ru/registry/show_supplier/24366
129,https://www.goszakup.gov.kz/ru/registry/show_supplier/11165
130,https://www.goszakup.gov.kz/ru/registry/show_supplier/84147
131,https://www.goszakup.gov.kz/ru/registry/show_supplier/316886
132,https://www.goszakup.gov.kz/ru/registry/show_supplier/18148
133,https://www.goszakup.gov.kz/ru/registry/show_supplier/154292
134,https://www.goszakup.gov.kz/ru/registry/show_supplier/285753
135,https://www.goszakup.gov.kz/ru/registry/show_supplier/4219
136,https://www.goszakup.gov.kz/ru/registry/show_supplier/17756
137,https://www.goszakup.gov.kz/ru/registry/show_supplier/345974
138,https://www.goszakup.gov.kz/ru/registry/show_supplier/93845
139,https://www.goszakup.gov.kz/ru/registry/show_supplier/137011
140,https://www.goszakup.gov.kz/ru/registry/show_supplier/52580
141,https://www.goszakup.gov.kz/ru/registry/show_supplier/137773
142,https://www.goszakup.gov.kz/ru/registry/show_supplier/191386
143,https://www.goszakup.gov.kz/ru/registry/show_supplier/31642
144,https://www.goszakup.gov.kz/ru/registry/show_supplier/307714
145,https://www.goszakup.gov.kz/ru/registry/show_supplier/124022
146,https://www.goszakup.gov.kz/ru/registry/show_supplier/124022
147,https://www.goszakup.gov.kz/ru/registry/show_supplier/124022
148,https://www.goszakup.gov.kz/ru/registry/show_supplier/104968
149,https://www.goszakup.gov.kz/ru/registry/show_supplier/99031
150,https://www.goszakup.gov.kz/ru/registry/show_supplier/410277
151,https://www.goszakup.gov.kz/ru/registry/show_supplier/14742
152,https://www.goszakup.gov.kz/ru/registry/show_supplier/14742
153,https://www.goszakup.gov.kz/ru/registry/show_supplier/482698
154,https://www.goszakup.gov.kz/ru/registry/show_supplier/18110
155,https://www.goszakup.gov.kz/ru/registry/show_supplier/51216
156,https://www.goszakup.gov.kz/ru/registry/show_supplier/31591
157,https://www.goszakup.gov.kz/ru/registry/show_supplier/90726
158,https://www.goszakup.gov.kz/ru/registry/show_supplier/70094
159,https://www.goszakup.gov.kz/ru/registry/show_supplier/33007
160,https://www.goszakup.gov.kz/ru/registry/show_supplier/114387
161,https://www.goszakup.gov.kz/ru/registry/show_supplier/216318
162,https://www.goszakup.gov.kz/ru/registry/show_supplier/69217
163,https://www.goszakup.gov.kz/ru/registry/show_supplier/97563
164,https://www.goszakup.gov.kz/ru/registry/show_supplier/257649
165,https://www.goszakup.gov.kz/ru/registry/show_supplier/96598
166,https://www.goszakup.gov.kz/ru/registry/show_supplier/7789
167,https://www.goszakup.gov.kz/ru/registry/show_supplier/122431
168,https://www.goszakup.gov.kz/ru/registry/show_supplier/51443
169,https://www.goszakup.gov.kz/ru/registry/show_supplier/216560
170,https://www.goszakup.gov.kz/ru/registry/show_supplier/419374
171,https://www.goszakup.gov.kz/ru/registry/show_supplier/119745
172,https://www.goszakup.gov.kz/ru/registry/show_supplier/444059
173,https://www.goszakup.gov.kz/ru/registry/show_supplier/524161
174,https://www.goszakup.gov.kz/ru/registry/show_supplier/49053
175,https://www.goszakup.gov.kz/ru/registry/show_supplier/287836
176,https://www.goszakup.gov.kz/ru/registry/show_supplier/367380
177,https://www.goszakup.gov.kz/ru/registry/show_supplier/366819
178,https://www.goszakup.gov.kz/ru/registry/show_supplier/366819
179,https://www.goszakup.gov.kz/ru/registry/show_supplier/128789
180,https://www.goszakup.gov.kz/ru/registry/show_supplier/366819
181,https://www.goszakup.gov.kz/ru/registry/show_supplier/399432
182,https://www.goszakup.gov.kz/ru/registry/show_supplier/96748
183,https://www.goszakup.gov.kz/ru/registry/show_supplier/298075
184,https://www.goszakup.gov.kz/ru/registry/show_supplier/14432
185,https://www.goszakup.gov.kz/ru/registry/show_supplier/316627
186,https://www.goszakup.gov.kz/ru/registry/show_supplier/14944
187,https://www.goszakup.gov.kz/ru/registry/show_supplier/109537
188,https://www.goszakup.gov.kz/ru/registry/show_supplier/101818
189,https://www.goszakup.gov.kz/ru/registry/show_supplier/282242
190,https://www.goszakup.gov.kz/ru/registry/show_supplier/198189
191,https://www.goszakup.gov.kz/ru/registry/show_supplier/252977
192,https://www.goszakup.gov.kz/ru/registry/show_supplier/24897
193,https://www.goszakup.gov.kz/ru/registry/show_supplier/30884
194,https://www.goszakup.gov.kz/ru/registry/show_supplier/11312
195,https://www.goszakup.gov.kz/ru/registry/show_supplier/26317
196,https://www.goszakup.gov.kz/ru/registry/show_supplier/484701
197,https://www.goszakup.gov.kz/ru/registry/show_supplier/300412
198,https://www.goszakup.gov.kz/ru/registry/show_supplier/25945
199,https://www.goszakup.gov.kz/ru/registry/show_supplier/231181
200,https://www.goszakup.gov.kz/ru/registry/show_supplier/178466
201,https://www.goszakup.gov.kz/ru/registry/show_supplier/178466
202,https://www.goszakup.gov.kz/ru/registry/show_supplier/178466
203,https://www.goszakup.gov.kz/ru/registry/show_supplier/178466
204,https://www.goszakup.gov.kz/ru/registry/show_supplier/178466
205,https://www.goszakup.gov.kz/ru/registry/show_supplier/22283
206,https://www.goszakup.gov.kz/ru/registry/show_supplier/14831
207,https://www.goszakup.gov.kz/ru/registry/show_supplier/25240
208,https://www.goszakup.gov.kz/ru/registry/show_supplier/410246
209,https://www.goszakup.gov.kz/ru/registry/show_supplier/123485
210,https://www.goszakup.gov.kz/ru/registry/show_supplier/39077
211,https://www.goszakup.gov.kz/ru/registry/show_supplier/201674
212,https://www.goszakup.gov.kz/ru/registry/show_supplier/247680
213,https://www.goszakup.gov.kz/ru/registry/show_supplier/18948
214,https://www.goszakup.gov.kz/ru/registry/show_supplier/475283
215,https://www.goszakup.gov.kz/ru/registry/show_supplier/70091
216,https://www.goszakup.gov.kz/ru/registry/show_supplier/89076
217,https://www.goszakup.gov.kz/ru/registry/show_supplier/67664
218,https://www.goszakup.gov.kz/ru/registry/show_supplier/15275
219,https://www.goszakup.gov.kz/ru/registry/show_supplier/69546
220,https://www.goszakup.gov.kz/ru/registry/show_supplier/26129
221,https://www.goszakup.gov.kz/ru/registry/show_supplier/74650
222,https://www.goszakup.gov.kz/ru/registry/show_supplier/171460
223,https://www.goszakup.gov.kz/ru/registry/show_supplier/27379
224,https://www.goszakup.gov.kz/ru/registry/show_supplier/37143
225,https://www.goszakup.gov.kz/ru/registry/show_supplier/123679
226,https://www.goszakup.gov.kz/ru/registry/show_supplier/22833
227,https://www.goszakup.gov.kz/ru/registry/show_supplier/195379
228,https://www.goszakup.gov.kz/ru/registry/show_supplier/117178
229,https://www.goszakup.gov.kz/ru/registry/show_supplier/180538
230,https://www.goszakup.gov.kz/ru/registry/show_supplier/85927
231,https://www.goszakup.gov.kz/ru/registry/show_supplier/173358
232,https://www.goszakup.gov.kz/ru/registry/show_supplier/88107
233,https://www.goszakup.gov.kz/ru/registry/show_supplier/538821
234,https://www.goszakup.gov.kz/ru/registry/show_supplier/277379
235,https://www.goszakup.gov.kz/ru/registry/show_supplier/263879
236,https://www.goszakup.gov.kz/ru/registry/show_supplier/18865
237,https://www.goszakup.gov.kz/ru/registry/show_supplier/7159
238,https://www.goszakup.gov.kz/ru/registry/show_supplier/317868
239,https://www.goszakup.gov.kz/ru/registry/show_supplier/293824
240,https://www.goszakup.gov.kz/ru/registry/show_supplier/54841
241,https://www.goszakup.gov.kz/ru/registry/show_supplier/82543
242,https://www.goszakup.gov.kz/ru/registry/show_supplier/13090
243,https://www.goszakup.gov.kz/ru/registry/show_supplier/476344
244,https://www.goszakup.gov.kz/ru/registry/show_supplier/431735
245,https://www.goszakup.gov.kz/ru/registry/show_supplier/59880
246,https://www.goszakup.gov.kz/ru/registry/show_supplier/51311
247,https://www.goszakup.gov.kz/ru/registry/show_supplier/314504
248,https://www.goszakup.gov.kz/ru/registry/show_supplier/96034
249,https://www.goszakup.gov.kz/ru/registry/show_supplier/273729
250,https://www.goszakup.gov.kz/ru/registry/show_supplier/7176
251,https://www.goszakup.gov.kz/ru/registry/show_supplier/7176
252,https://www.goszakup.gov.kz/ru/registry/show_supplier/6836
253,https://www.goszakup.gov.kz/ru/registry/show_supplier/410593
254,https://www.goszakup.gov.kz/ru/registry/show_supplier/412870
255,https://www.goszakup.gov.kz/ru/registry/show_supplier/280794
256,https://www.goszakup.gov.kz/ru/registry/show_supplier/410978
257,https://www.goszakup.gov.kz/ru/registry/show_supplier/38537
258,https://www.goszakup.gov.kz/ru/registry/show_supplier/326832
259,https://www.goszakup.gov.kz/ru/registry/show_supplier/142031
260,https://www.goszakup.gov.kz/ru/registry/show_supplier/431161
261,https://www.goszakup.gov.kz/ru/registry/show_supplier/39533
262,https://www.goszakup.gov.kz/ru/registry/show_supplier/39533
263,https://www.goszakup.gov.kz/ru/registry/show_supplier/2593
264,https://www.goszakup.gov.kz/ru/registry/show_supplier/149805
265,https://www.goszakup.gov.kz/ru/registry/show_supplier/341084
266,https://www.goszakup.gov.kz/ru/registry/show_supplier/52480
267,https://www.goszakup.gov.kz/ru/registry/show_supplier/91182
268,https://www.goszakup.gov.kz/ru/registry/show_supplier/118685
269,https://www.goszakup.gov.kz/ru/registry/show_supplier/27373
270,https://www.goszakup.gov.kz/ru/registry/show_supplier/4440
271,https://www.goszakup.gov.kz/ru/registry/show_supplier/401169
272,https://www.goszakup.gov.kz/ru/registry/show_supplier/70682
273,https://www.goszakup.gov.kz/ru/registry/show_supplier/344016
274,https://www.goszakup.gov.kz/ru/registry/show_supplier/24854
275,https://www.goszakup.gov.kz/ru/registry/show_supplier/24854
276,https://www.goszakup.gov.kz/ru/registry/show_supplier/80179
277,https://www.goszakup.gov.kz/ru/registry/show_supplier/68812
278,https://www.goszakup.gov.kz/ru/registry/show_supplier/102549
279,https://www.goszakup.gov.kz/ru/registry/show_supplier/12196
280,https://www.goszakup.gov.kz/ru/registry/show_supplier/188404
281,https://www.goszakup.gov.kz/ru/registry/show_supplier/34001
282,https://www.goszakup.gov.kz/ru/registry/show_supplier/138320
283,https://www.goszakup.gov.kz/ru/registry/show_supplier/15271
284,https://www.goszakup.gov.kz/ru/registry/show_supplier/120733
285,https://www.goszakup.gov.kz/ru/registry/show_supplier/191352
286,https://www.goszakup.gov.kz/ru/registry/show_supplier/415145
287,https://www.goszakup.gov.kz/ru/registry/show_supplier/116752
288,https://www.goszakup.gov.kz/ru/registry/show_supplier/67890
289,https://www.goszakup.gov.kz/ru/registry/show_supplier/15931
290,https://www.goszakup.gov.kz/ru/registry/show_supplier/338122
291,https://www.goszakup.gov.kz/ru/registry/show_supplier/41257
292,https://www.goszakup.gov.kz/ru/registry/show_supplier/422656
293,https://www.goszakup.gov.kz/ru/registry/show_supplier/65161
294,https://www.goszakup.gov.kz/ru/registry/show_supplier/370405
295,https://www.goszakup.gov.kz/ru/registry/show_supplier/2255
296,https://www.goszakup.gov.kz/ru/registry/show_supplier/147794
297,https://www.goszakup.gov.kz/ru/registry/show_supplier/332778
298,https://www.goszakup.gov.kz/ru/registry/show_supplier/82638
299,https://www.goszakup.gov.kz/ru/registry/show_supplier/123746
300,https://www.goszakup.gov.kz/ru/registry/show_supplier/141010
301,https://www.goszakup.gov.kz/ru/registry/show_supplier/89540
302,https://www.goszakup.gov.kz/ru/registry/show_supplier/47830
303,https://www.goszakup.gov.kz/ru/registry/show_supplier/78210
304,https://www.goszakup.gov.kz/ru/registry/show_supplier/68941
305,https://www.goszakup.gov.kz/ru/registry/show_supplier/22762
306,https://www.goszakup.gov.kz/ru/registry/show_supplier/101500
307,https://www.goszakup.gov.kz/ru/registry/show_supplier/23527
308,https://www.goszakup.gov.kz/ru/registry/show_supplier/186593
309,https://www.goszakup.gov.kz/ru/registry/show_supplier/107092
310,https://www.goszakup.gov.kz/ru/registry/show_supplier/45078
311,https://www.goszakup.gov.kz/ru/registry/show_supplier/259415
312,https://www.goszakup.gov.kz/ru/registry/show_supplier/336252
313,https://www.goszakup.gov.kz/ru/registry/show_supplier/410593
314,https://www.goszakup.gov.kz/ru/registry/show_supplier/100553
315,https://www.goszakup.gov.kz/ru/registry/show_supplier/425890
316,https://www.goszakup.gov.kz/ru/registry/show_supplier/471361
317,https://www.goszakup.gov.kz/ru/registry/show_supplier/58344
318,https://www.goszakup.gov.kz/ru/registry/show_supplier/32138
319,https://www.goszakup.gov.kz/ru/registry/show_supplier/122240
320,https://www.goszakup.gov.kz/ru/registry/show_supplier/243914
321,https://www.goszakup.gov.kz/ru/registry/show_supplier/74768
322,https://www.goszakup.gov.kz/ru/registry/show_supplier/30348
323,https://www.goszakup.gov.kz/ru/registry/show_supplier/410661
324,https://www.goszakup.gov.kz/ru/registry/show_supplier/55113
325,https://www.goszakup.gov.kz/ru/registry/show_supplier/121063
326,https://www.goszakup.gov.kz/ru/registry/show_supplier/77298
327,https://www.goszakup.gov.kz/ru/registry/show_supplier/460868
328,https://www.goszakup.gov.kz/ru/registry/show_supplier/82821
329,https://www.goszakup.gov.kz/ru/registry/show_supplier/394258
330,https://www.goszakup.gov.kz/ru/registry/show_supplier/125684
331,https://www.goszakup.gov.kz/ru/registry/show_supplier/46625
332,https://www.goszakup.gov.kz/ru/registry/show_supplier/310434
333,https://www.goszakup.gov.kz/ru/registry/show_supplier/188404
334,https://www.goszakup.gov.kz/ru/registry/show_supplier/129917
335,https://www.goszakup.gov.kz/ru/registry/show_supplier/389506
336,https://www.goszakup.gov.kz/ru/registry/show_supplier/44562
337,https://www.goszakup.gov.kz/ru/registry/show_supplier/87054
338,https://www.goszakup.gov.kz/ru/registry/show_supplier/160892
339,https://www.goszakup.gov.kz/ru/registry/show_supplier/434314
340,https://www.goszakup.gov.kz/ru/registry/show_supplier/264405
341,https://www.goszakup.gov.kz/ru/registry/show_supplier/422656
342,https://www.goszakup.gov.kz/ru/registry/show_supplier/376667
343,https://www.goszakup.gov.kz/ru/registry/show_supplier/459254
344,https://www.goszakup.gov.kz/ru/registry/show_supplier/119226
345,https://www.goszakup.gov.kz/ru/registry/show_supplier/164750
346,https://www.goszakup.gov.kz/ru/registry/show_supplier/129917
347,https://www.goszakup.gov.kz/ru/registry/show_supplier/416547
348,https://www.goszakup.gov.kz/ru/registry/show_supplier/384941
349,https://www.goszakup.gov.kz/ru/registry/show_supplier/67195
350,https://www.goszakup.gov.kz/ru/registry/show_supplier/194358
351,https://www.goszakup.gov.kz/ru/registry/show_supplier/13526
352,https://www.goszakup.gov.kz/ru/registry/show_supplier/394347
353,https://www.goszakup.gov.kz/ru/registry/show_supplier/290992
354,https://www.goszakup.gov.kz/ru/registry/show_supplier/9061
355,https://www.goszakup.gov.kz/ru/registry/show_supplier/432185
356,https://www.goszakup.gov.kz/ru/registry/show_supplier/47206
357,https://www.goszakup.gov.kz/ru/registry/show_supplier/230063
358,https://www.goszakup.gov.kz/ru/registry/show_supplier/9515
359,https://www.goszakup.gov.kz/ru/registry/show_supplier/77298
360,https://www.goszakup.gov.kz/ru/registry/show_supplier/47980
361,https://www.goszakup.gov.kz/ru/registry/show_supplier/425175
362,https://www.goszakup.gov.kz/ru/registry/show_supplier/18905
363,https://www.goszakup.gov.kz/ru/registry/show_supplier/330807
364,https://www.goszakup.gov.kz/ru/registry/show_supplier/313568
365,https://www.goszakup.gov.kz/ru/registry/show_supplier/96183
366,https://www.goszakup.gov.kz/ru/registry/show_supplier/422656
367,https://www.goszakup.gov.kz/ru/registry/show_supplier/67195
368,https://www.goszakup.gov.kz/ru/registry/show_supplier/68368
369,https://www.goszakup.gov.kz/ru/registry/show_supplier/72744
370,https://www.goszakup.gov.kz/ru/registry/show_supplier/438037
371,https://www.goszakup.gov.kz/ru/registry/show_supplier/207462
372,https://www.goszakup.gov.kz/ru/registry/show_supplier/377530
373,https://www.goszakup.gov.kz/ru/registry/show_supplier/313568
374,https://www.goszakup.gov.kz/ru/registry/show_supplier/29121
375,https://www.goszakup.gov.kz/ru/registry/show_supplier/110744
376,https://www.goszakup.gov.kz/ru/registry/show_supplier/129283
377,https://www.goszakup.gov.kz/ru/registry/show_supplier/284437
378,https://www.goszakup.gov.kz/ru/registry/show_supplier/201957
379,https://www.goszakup.gov.kz/ru/registry/show_supplier/4066
380,https://www.goszakup.gov.kz/ru/registry/show_supplier/18148
381,https://www.goszakup.gov.kz/ru/registry/show_supplier/154292
382,https://www.goszakup.gov.kz/ru/registry/show_supplier/40746
383,https://www.goszakup.gov.kz/ru/registry/show_supplier/259406
384,https://www.goszakup.gov.kz/ru/registry/show_supplier/47242
385,https://www.goszakup.gov.kz/ru/registry/show_supplier/306848
386,https://www.goszakup.gov.kz/ru/registry/show_supplier/279527
387,https://www.goszakup.gov.kz/ru/registry/show_supplier/435721
388,https://www.goszakup.gov.kz/ru/registry/show_supplier/137773
389,https://www.goszakup.gov.kz/ru/registry/show_supplier/133558
390,https://www.goszakup.gov.kz/ru/registry/show_supplier/136452
391,https://www.goszakup.gov.kz/ru/registry/show_supplier/34464
392,https://www.goszakup.gov.kz/ru/registry/show_supplier/82221
393,https://www.goszakup.gov.kz/ru/registry/show_supplier/145273
394,https://www.goszakup.gov.kz/ru/registry/show_supplier/90726
395,https://www.goszakup.gov.kz/ru/registry/show_supplier/258147
396,https://www.goszakup.gov.kz/ru/registry/show_supplier/182154
397,https://www.goszakup.gov.kz/ru/registry/show_supplier/86432
398,https://www.goszakup.gov.kz/ru/registry/show_supplier/177879
399,https://www.goszakup.gov.kz/ru/registry/show_supplier/41082
400,https://www.goszakup.gov.kz/ru/registry/show_supplier/36191
401,https://www.goszakup.gov.kz/ru/registry/show_supplier/334155
402,https://www.goszakup.gov.kz/ru/registry/show_supplier/35990
403,https://www.goszakup.gov.kz/ru/registry/show_supplier/39555
404,https://www.goszakup.gov.kz/ru/registry/show_supplier/95315
405,https://www.goszakup.gov.kz/ru/registry/show_supplier/95770
406,https://www.goszakup.gov.kz/ru/registry/show_supplier/343862
407,https://www.goszakup.gov.kz/ru/registry/show_supplier/113679
408,https://www.goszakup.gov.kz/ru/registry/show_supplier/133030
409,https://www.goszakup.gov.kz/ru/registry/show_supplier/443404
410,https://www.goszakup.gov.kz/ru/registry/show_supplier/46123
411,https://www.goszakup.gov.kz/ru/registry/show_supplier/111867
412,https://www.goszakup.gov.kz/ru/registry/show_supplier/3576
413,https://www.goszakup.gov.kz/ru/registry/show_supplier/392745
414,https://www.goszakup.gov.kz/ru/registry/show_supplier/392286
415,https://www.goszakup.gov.kz/ru/registry/show_supplier/141879
416,https://www.goszakup.gov.kz/ru/registry/show_supplier/366819
417,https://www.goszakup.gov.kz/ru/registry/show_supplier/399432
418,https://www.goszakup.gov.kz/ru/registry/show_supplier/18844
419,https://www.goszakup.gov.kz/ru/registry/show_supplier/366819
420,https://www.goszakup.gov.kz/ru/registry/show_supplier/14848
421,https://www.goszakup.gov.kz/ru/registry/show_supplier/18133
422,https://www.goszakup.gov.kz/ru/registry/show_supplier/338371
423,https://www.goszakup.gov.kz/ru/registry/show_supplier/7164
424,https://www.goszakup.gov.kz/ru/registry/show_supplier/43147
425,https://www.goszakup.gov.kz/ru/registry/show_supplier/146825
426,https://www.goszakup.gov.kz/ru/registry/show_supplier/61582
427,https://www.goszakup.gov.kz/ru/registry/show_supplier/338122
428,https://www.goszakup.gov.kz/ru/registry/show_supplier/114266
429,https://www.goszakup.gov.kz/ru/registry/show_supplier/10802
430,https://www.goszakup.gov.kz/ru/registry/show_supplier/16948
431,https://www.goszakup.gov.kz/ru/registry/show_supplier/190344
432,https://www.goszakup.gov.kz/ru/registry/show_supplier/42517
433,https://www.goszakup.gov.kz/ru/registry/show_supplier/61962
434,https://www.goszakup.gov.kz/ru/registry/show_supplier/53639
435,https://www.goszakup.gov.kz/ru/registry/show_supplier/5192
436,https://www.goszakup.gov.kz/ru/registry/show_supplier/147285
437,https://www.goszakup.gov.kz/ru/registry/show_supplier/402323
438,https://www.goszakup.gov.kz/ru/registry/show_supplier/402323
439,https://www.goszakup.gov.kz/ru/registry/show_supplier/97674
440,https://www.goszakup.gov.kz/ru/registry/show_supplier/67682
441,https://www.goszakup.gov.kz/ru/registry/show_supplier/278711
442,https://www.goszakup.gov.kz/ru/registry/show_supplier/120439
443,https://www.goszakup.gov.kz/ru/registry/show_supplier/284016
444,https://www.goszakup.gov.kz/ru/registry/show_supplier/164048
445,https://www.goszakup.gov.kz/ru/registry/show_supplier/178466
446,https://www.goszakup.gov.kz/ru/registry/show_supplier/178466
447,https://www.goszakup.gov.kz/ru/registry/show_supplier/6473
448,https://www.goszakup.gov.kz/ru/registry/show_supplier/18948
449,https://www.goszakup.gov.kz/ru/registry/show_supplier/50487
450,https://www.goszakup.gov.kz/ru/registry/show_supplier/67664
451,https://www.goszakup.gov.kz/ru/registry/show_supplier/67664
452,https://www.goszakup.gov.kz/ru/registry/show_supplier/65412
453,https://www.goszakup.gov.kz/ru/registry/show_supplier/65160
454,https://www.goszakup.gov.kz/ru/registry/show_supplier/114996
455,https://www.goszakup.gov.kz/ru/registry/show_supplier/77283
456,https://www.goszakup.gov.kz/ru/registry/show_supplier/53529
457,https://www.goszakup.gov.kz/ru/registry/show_supplier/173581
458,https://www.goszakup.gov.kz/ru/registry/show_supplier/223679
459,https://www.goszakup.gov.kz/ru/registry/show_supplier/331038
460,https://www.goszakup.gov.kz/ru/registry/show_supplier/103503
461,https://www.goszakup.gov.kz/ru/registry/show_supplier/78484
462,https://www.goszakup.gov.kz/ru/registry/show_supplier/68957
463,https://www.goszakup.gov.kz/ru/registry/show_supplier/164384
464,https://www.goszakup.gov.kz/ru/registry/show_supplier/14903
465,https://www.goszakup.gov.kz/ru/registry/show_supplier/113314
466,https://www.goszakup.gov.kz/ru/registry/show_supplier/118369
467,https://www.goszakup.gov.kz/ru/registry/show_supplier/65389
468,https://www.goszakup.gov.kz/ru/registry/show_supplier/88175
469,https://www.goszakup.gov.kz/ru/registry/show_supplier/16399
470,https://www.goszakup.gov.kz/ru/registry/show_supplier/18865
471,https://www.goszakup.gov.kz/ru/registry/show_supplier/7159
472,https://www.goszakup.gov.kz/ru/registry/show_supplier/64737
473,https://www.goszakup.gov.kz/ru/registry/show_supplier/66767
474,https://www.goszakup.gov.kz/ru/registry/show_supplier/57183
475,https://www.goszakup.gov.kz/ru/registry/show_supplier/86714
476,https://www.goszakup.gov.kz/ru/registry/show_supplier/201941
477,https://www.goszakup.gov.kz/ru/registry/show_supplier/77822
478,https://www.goszakup.gov.kz/ru/registry/show_supplier/54893
479,https://www.goszakup.gov.kz/ru/registry/show_supplier/26813
480,https://www.goszakup.gov.kz/ru/registry/show_supplier/10364
481,https://www.goszakup.gov.kz/ru/registry/show_supplier/15478
